source_x,source_y,t1,t2,t3,t4,t5,t6,scenario,torque_loss_pct
1.758395258e-01,2.473861306e-01,6.113713389e-05,4.998078919e-05,5.643533010e-05,2.621611654e-05,1.085426345e-05,3.578759990e-05,intact,0
1.945602205e-01,1.799475666e-01,5.262754424e-05,3.734688029e-05,4.086701034e-05,3.092404115e-05,2.578848747e-05,4.657865268e-05,intact,0
1.648283596e-01,2.238135344e-01,5.545786213e-05,4.399749664e-05,5.262604142e-05,2.978825282e-05,1.673573731e-05,3.695643556e-05,intact,0
1.024561121e-01,2.677538427e-01,5.596248300e-05,5.424090449e-05,6.652207714e-05,3.914289128e-05,1.116574429e-05,2.192469596e-05,intact,0
9.563863792e-02,1.539148536e-01,3.600353219e-05,3.249403309e-05,5.148161227e-05,5.017051240e-05,2.948240354e-05,3.617107364e-05,intact,0
1.385018354e-01,7.261447485e-02,3.101019823e-05,1.508722975e-05,3.458104585e-05,5.611451895e-05,4.551764765e-05,5.388457224e-05,intact,0
6.596092356e-02,2.427197139e-01,5.053672353e-05,5.237118820e-05,6.584548238e-05,4.824048548e-05,1.943827261e-05,1.821213445e-05,intact,0
1.207443785e-01,9.496530702e-02,3.016770290e-05,1.881536733e-05,3.849842884e-05,5.370346624e-05,4.107993167e-05,4.822616149e-05,intact,0
8.912618998e-02,2.719858581e-01,5.771480354e-05,5.561794667e-05,6.771402464e-05,4.344548085e-05,1.332052086e-05,1.902583343e-05,intact,0
6.193066255e-02,1.502716415e-01,3.351931405e-05,3.631694001e-05,5.584712395e-05,5.698728935e-05,3.303613215e-05,3.062255390e-05,intact,0
1.057639152e-01,5.757628911e-02,2.423947785e-05,1.377792721e-05,4.022479736e-05,6.196825597e-05,4.766966881e-05,5.298173498e-05,intact,0
4.195552350e-02,1.281099246e-01,2.731277918e-05,3.269536426e-05,5.955636154e-05,6.135777645e-05,4.108739010e-05,3.483107354e-05,intact,0
1.413474610e-01,3.138897910e-02,2.901131325e-05,6.714247349e-06,3.345156256e-05,6.294153930e-05,5.322734995e-05,5.942633180e-05,intact,0
1.465311660e-01,1.475838185e-01,4.159449080e-05,3.036930097e-05,4.162131715e-05,4.344690348e-05,2.792638564e-05,4.396754707e-05,intact,0
7.197613264e-02,2.191419014e-02,1.432609348e-05,1.622001095e-05,4.616260377e-05,7.047588868e-05,5.854969201e-05,5.917889745e-05,intact,0
1.331252356e-01,2.780176467e-01,6.196587064e-05,5.703482008e-05,6.444382734e-05,3.359529995e-05,5.814865699e-06,2.834481099e-05,intact,0
1.323441903e-01,1.831002986e-01,4.508709303e-05,3.764670942e-05,4.936810432e-05,4.113941866e-05,2.293122429e-05,3.557122956e-05,intact,0
8.528923794e-02,1.761497871e-01,4.123547361e-05,3.837379589e-05,5.572970749e-05,4.867432525e-05,2.663051883e-05,3.142595012e-05,intact,0
1.393181016e-01,1.678727109e-01,4.520397742e-05,3.419655995e-05,4.709493665e-05,4.179575306e-05,2.734748341e-05,3.841369583e-05,intact,0
1.641920446e-01,3.659248659e-02,3.402988768e-05,1.017730075e-05,2.779101760e-05,5.781652603e-05,5.310726273e-05,6.228098850e-05,intact,0
1.336594989e-01,2.364963310e-01,5.356755155e-05,4.720687330e-05,5.889106895e-05,3.694622866e-05,1.549706446e-05,2.850218887e-05,intact,0
4.688477161e-02,1.727875888e-01,3.469470103e-05,3.823988768e-05,6.015173834e-05,5.790492358e-05,3.317121783e-05,2.751243294e-05,intact,0
1.947281464e-01,9.495270692e-02,4.452014827e-05,2.259627535e-05,2.835994886e-05,4.584587985e-05,4.236150425e-05,5.661600223e-05,intact,0
1.850267632e-01,1.639306442e-01,4.970287835e-05,3.306848749e-05,4.264369789e-05,3.599137304e-05,2.793413521e-05,4.463198523e-05,intact,0
6.279803257e-02,3.167676104e-02,1.454714036e-05,1.866331125e-05,4.808462612e-05,6.921748450e-05,5.724426693e-05,5.506357530e-05,intact,0
4.822969270e-02,1.947824242e-01,3.838834116e-05,4.526288422e-05,6.509748405e-05,5.341801478e-05,2.990165174e-05,2.306921557e-05,intact,0
1.164074863e-01,2.609588971e-01,5.807645382e-05,5.102017026e-05,6.390554906e-05,3.724575693e-05,1.155253020e-05,2.635354665e-05,intact,0
1.874049312e-01,2.339180195e-01,6.040047878e-05,4.612630914e-05,5.250198253e-05,2.503876713e-05,1.466545690e-05,4.063710522e-05,intact,0
1.140712787e-01,4.278897902e-02,2.325606546e-05,9.573281986e-06,3.810098724e-05,6.418943054e-05,5.150624530e-05,5.628569033e-05,intact,0
1.618490832e-01,7.187457342e-02,3.494659487e-05,1.377481024e-05,3.097546221e-05,5.533654514e-05,4.520748612e-05,5.619030534e-05,intact,0
2.223797092e-01,7.060606404e-02,4.692760104e-05,2.066243423e-05,2.020634693e-05,4.725745899e-05,4.889917944e-05,6.394235412e-05,intact,0
2.136381605e-01,2.715525304e-01,6.915587928e-05,5.630611763e-05,5.742122839e-05,1.734783378e-05,1.543978614e-05,4.290185242e-05,intact,0
2.518360892e-01,2.146380851e-01,6.588665425e-05,4.779052325e-05,4.314358520e-05,1.983791640e-05,2.611727329e-05,5.209955184e-05,intact,0
9.312078380e-02,1.914498850e-01,4.247563284e-05,3.853134693e-05,5.704007187e-05,4.833675689e-05,2.408512035e-05,2.845286942e-05,intact,0
1.360006316e-01,1.190655188e-01,3.589924366e-05,2.166703574e-05,4.161793586e-05,4.761739608e-05,3.660912857e-05,4.452351994e-05,intact,0
2.363875484e-01,2.292387329e-01,6.600982322e-05,4.904953914e-05,4.794675448e-05,1.927922363e-05,2.208803838e-05,4.809995495e-05,intact,0
2.357453332e-01,2.301453827e-01,6.736314830e-05,4.864814227e-05,4.750310548e-05,2.080374312e-05,2.307166461e-05,4.968663424e-05,intact,0
5.960114671e-02,2.010432975e-01,3.937172692e-05,4.454582820e-05,6.313092024e-05,5.034210112e-05,2.455447694e-05,2.349513936e-05,intact,0
9.633437702e-02,1.920982938e-01,4.274317611e-05,4.059268116e-05,5.568469815e-05,4.481555287e-05,2.327539219e-05,2.714292463e-05,intact,0
2.638348783e-01,1.686492936e-01,6.280284147e-05,4.083269499e-05,3.543221379e-05,2.682408988e-05,3.398043026e-05,5.882198470e-05,intact,0
2.078134312e-01,1.400880799e-01,5.042027644e-05,3.106990903e-05,3.170844102e-05,3.639563332e-05,3.168800474e-05,5.343928798e-05,intact,0
1.352876917e-01,7.908206766e-02,3.096926150e-05,1.631700232e-05,3.620703508e-05,5.592516876e-05,4.331781810e-05,5.286945144e-05,intact,0
1.927215205e-01,1.256605840e-01,4.425726167e-05,2.707490276e-05,3.105416011e-05,4.118205744e-05,3.498434822e-05,5.300114500e-05,intact,0
1.368339906e-01,9.078280608e-02,3.317007754e-05,1.764183778e-05,3.584910311e-05,5.128914290e-05,4.172510578e-05,5.003706325e-05,intact,0
2.692253954e-01,1.453988936e-01,6.292315132e-05,3.742652276e-05,3.108786906e-05,3.204227411e-05,4.015970559e-05,6.124644061e-05,intact,0
5.068153455e-02,2.700933928e-01,5.342760101e-05,5.775182745e-05,7.440984693e-05,4.964361298e-05,2.049963769e-05,1.068579241e-05,intact,0
3.515871284e-02,9.315981193e-02,2.077853177e-05,3.039570171e-05,5.543019757e-05,6.848271182e-05,4.628573080e-05,4.230601503e-05,intact,0
1.736380278e-01,2.592900647e-02,3.478413806e-05,6.623579496e-06,2.429645885e-05,5.973208692e-05,5.496073929e-05,6.526843913e-05,intact,0
2.207232323e-01,1.920319284e-01,5.845192435e-05,4.144941527e-05,3.858595488e-05,2.615286800e-05,2.686303042e-05,5.043032645e-05,intact,0
2.562309796e-01,2.019238548e-01,6.419357512e-05,4.536672158e-05,4.077912313e-05,2.202103609e-05,2.794043880e-05,5.597191971e-05,intact,0
2.516060476e-01,2.522961263e-01,7.092813950e-05,5.427992993e-05,5.379951971e-05,1.435356177e-05,2.153887810e-05,5.108544906e-05,intact,0
1.669613877e-01,2.188997029e-01,5.636116878e-05,4.474068783e-05,5.166626228e-05,3.160995461e-05,1.712954393e-05,3.587902844e-05,intact,0
2.590513901e-02,4.341244380e-02,1.069347421e-05,2.430079808e-05,5.494272788e-05,7.340505904e-05,5.678257199e-05,5.125928044e-05,intact,0
2.316453000e-01,6.341295918e-02,4.976594499e-05,1.937927037e-05,1.911294164e-05,4.979076752e-05,5.070320680e-05,6.643897170e-05,intact,0
1.341169797e-01,2.561914077e-02,2.848580226e-05,4.546448638e-06,3.200897868e-05,6.309120398e-05,5.495438983e-05,6.087891876e-05,intact,0
4.506165016e-02,2.546766231e-01,5.216557300e-05,5.275621584e-05,7.177312677e-05,5.202244468e-05,2.356321719e-05,1.220453259e-05,intact,0
1.420845109e-01,6.926255336e-02,3.335741870e-05,1.326441287e-05,3.458692620e-05,5.449659138e-05,4.513955745e-05,5.444800545e-05,intact,0
1.974488310e-01,5.633564574e-02,4.150467024e-05,1.548048484e-05,2.331513627e-05,5.331940029e-05,4.963616168e-05,6.222031457e-05,intact,0
5.634721951e-02,4.977781912e-02,1.586506292e-05,2.092706970e-05,5.052791851e-05,6.904404669e-05,5.322412377e-05,5.066955528e-05,intact,0
2.246003382e-01,1.928612227e-01,5.891179438e-05,4.155509255e-05,4.175988891e-05,2.491952297e-05,2.489458824e-05,5.008053139e-05,intact,0
7.579201493e-02,1.262174474e-01,2.951159535e-05,3.037243390e-05,5.212707244e-05,5.744814702e-05,3.622922010e-05,3.751623793e-05,intact,0
5.191706243e-02,2.360892948e-01,4.764863557e-05,5.245827101e-05,6.780492637e-05,5.147824166e-05,2.409928434e-05,1.671220642e-05,intact,0
2.172150778e-01,2.070603685e-01,6.100837640e-05,4.347020653e-05,4.549707082e-05,2.427868754e-05,2.258865683e-05,4.752578706e-05,intact,0
2.723814863e-01,2.522114915e-01,7.306516358e-05,5.742064027e-05,5.237277155e-05,1.249024373e-05,2.525392168e-05,5.416894854e-05,intact,0
6.011526794e-02,1.975927278e-01,4.208936260e-05,4.350740100e-05,6.118693239e-05,5.172521154e-05,2.715562060e-05,2.326836505e-05,intact,0
5.646476314e-02,1.640493973e-01,3.450832543e-05,3.693086639e-05,5.783933947e-05,5.581453428e-05,3.413190160e-05,3.087981209e-05,intact,0
9.954872228e-02,1.705970879e-01,4.067482390e-05,3.498576144e-05,5.397952324e-05,4.798718181e-05,2.549727150e-05,3.149067643e-05,intact,0
2.635714191e-01,8.265234950e-02,5.599625029e-05,2.661208040e-05,1.787348635e-05,4.345619716e-05,4.754965309e-05,6.620900520e-05,intact,0
7.899643075e-02,1.941516386e-01,4.374214177e-05,4.045741760e-05,6.023831345e-05,4.947989193e-05,2.456858857e-05,2.455353800e-05,intact,0
2.801263699e-02,1.335465212e-01,2.802134534e-05,3.581688625e-05,6.015838803e-05,6.324236948e-05,4.273474297e-05,3.378794194e-05,intact,0
4.801264595e-02,2.581630797e-01,5.094591473e-05,5.631920305e-05,7.360649805e-05,5.067572000e-05,2.232958069e-05,1.276754488e-05,intact,0
7.985563763e-02,2.972726461e-02,1.697491659e-05,1.695749104e-05,4.455996792e-05,7.107946752e-05,5.661266909e-05,5.624701435e-05,intact,0
2.090185997e-01,2.198483479e-01,5.949827255e-05,4.414429043e-05,4.784432397e-05,2.320969439e-05,1.876710654e-05,4.598608385e-05,intact,0
1.937847701e-01,1.424850136e-01,4.758765169e-05,3.020496271e-05,3.710829925e-05,3.558334895e-05,3.157791175e-05,4.727253895e-05,intact,0
1.718654719e-01,1.889601164e-01,5.259690785e-05,3.700365375e-05,4.529975945e-05,3.552159198e-05,2.308226057e-05,4.131907949e-05,intact,0
2.235111591e-01,4.150979998e-02,4.610413770e-05,1.735895485e-05,1.646417167e-05,5.646323202e-05,5.380623207e-05,6.990598348e-05,intact,0
1.062079393e-01,1.553748246e-01,3.694225048e-05,3.215456385e-05,4.922907620e-05,4.795661826e-05,3.077070826e-05,3.475902334e-05,intact,0
2.348359003e-01,2.530018007e-01,6.802476790e-05,5.153838914e-05,5.270413623e-05,1.413200215e-05,1.920919548e-05,4.751872407e-05,intact,0
1.407023680e-01,1.229171403e-01,3.739895917e-05,2.558195339e-05,3.867569168e-05,4.732734753e-05,3.574349874e-05,4.448226942e-05,intact,0
2.224752350e-01,2.063914492e-01,5.947698498e-05,4.314432613e-05,4.473169705e-05,2.402233519e-05,2.383529838e-05,4.737895547e-05,intact,0
1.047145931e-01,1.163195236e-01,3.063085811e-05,2.443087466e-05,4.492181456e-05,5.342906815e-05,3.861388003e-05,4.196021973e-05,intact,0
6.435417182e-02,2.605312308e-01,5.398434188e-05,5.377976175e-05,7.140604451e-05,4.667227511e-05,1.966754022e-05,1.652615168e-05,intact,0
5.985392232e-02,6.660976012e-02,1.906547916e-05,2.176283114e-05,4.744829130e-05,6.755452443e-05,4.841904062e-05,5.002597291e-05,intact,0
1.710758963e-01,1.101861492e-01,4.130664828e-05,2.286462895e-05,3.313240354e-05,4.641599786e-05,3.594880002e-05,5.077032664e-05,intact,0
8.655092355e-02,2.633713282e-01,5.315436637e-05,5.399202247e-05,6.611470139e-05,4.181941104e-05,1.565431500e-05,2.070157262e-05,intact,0
1.653938618e-01,9.902702550e-02,3.885899358e-05,2.037193794e-05,3.259541874e-05,4.907644300e-05,4.150005942e-05,5.209141803e-05,intact,0
9.839314318e-02,1.838734742e-01,4.178086484e-05,3.855758768e-05,5.482047204e-05,4.858469320e-05,2.439483500e-05,3.219483464e-05,intact,0
2.141652990e-01,8.823973414e-02,4.674013596e-05,2.314123568e-05,2.444096556e-05,4.587097831e-05,4.239379531e-05,6.014263264e-05,intact,0
1.431072443e-01,8.941367240e-02,3.536498043e-05,1.759300476e-05,3.586317908e-05,5.218388509e-05,4.223885516e-05,5.105307064e-05,intact,0
1.549031737e-01,1.021415535e-01,3.504627003e-05,1.897497639e-05,3.532939693e-05,4.892980289e-05,4.051467633e-05,5.062199965e-05,intact,0
5.377959139e-02,1.436832808e-01,3.009252715e-05,3.565233610e-05,5.721895622e-05,5.894514835e-05,3.850905526e-05,3.624071155e-05,intact,0
1.642616420e-01,1.164397938e-01,4.086005711e-05,2.313049812e-05,3.475911829e-05,4.392861053e-05,3.733897739e-05,5.011637924e-05,intact,0
2.020689265e-01,1.012153268e-01,4.361857969e-05,2.387922772e-05,2.887423328e-05,4.448406645e-05,4.072646790e-05,5.598389788e-05,intact,0
2.033429984e-01,2.229895481e-01,6.183246106e-05,4.623959328e-05,4.927003763e-05,2.432648219e-05,1.784302180e-05,4.445646030e-05,intact,0
3.081968520e-02,1.484376130e-01,3.068902808e-05,3.794125267e-05,6.186406422e-05,6.363105867e-05,3.857314450e-05,3.057100448e-05,intact,0
2.171028124e-01,1.121767517e-01,4.972081228e-05,2.649177577e-05,2.845317649e-05,4.088652200e-05,3.959076414e-05,5.692495308e-05,intact,0
2.418847990e-01,8.082426632e-02,5.043525911e-05,2.642579822e-05,2.020615291e-05,4.701780660e-05,4.651631900e-05,6.619145002e-05,intact,0
1.171510095e-01,4.456133370e-02,2.588172850e-05,1.314905104e-05,3.967519327e-05,6.172385374e-05,5.355718930e-05,5.623545242e-05,intact,0
2.351841047e-01,1.842327438e-01,6.081904209e-05,4.066397958e-05,3.897327150e-05,2.712263774e-05,3.053122157e-05,5.270514198e-05,intact,0
7.107301309e-02,1.006841550e-01,2.488134430e-05,2.574672480e-05,4.971085932e-05,6.102668860e-05,4.401087829e-05,4.233569562e-05,intact,0
2.234381167e-01,1.276593530e-01,5.316759850e-05,2.673916823e-05,2.946713886e-05,4.106023081e-05,3.639471365e-05,6.080748683e-05,loose_25,25
2.017682010e-01,1.861301721e-01,5.435976934e-05,3.526436552e-05,4.265631158e-05,3.157035234e-05,2.698505958e-05,4.367100443e-05,loose_25,25
1.616049339e-01,1.636384869e-01,4.652531642e-05,3.101685570e-05,4.063533722e-05,4.031422083e-05,2.689812569e-05,4.277578914e-05,loose_25,25
1.938690755e-01,1.820396718e-01,5.170490019e-05,3.943763399e-05,4.392928664e-05,3.177744705e-05,2.226892882e-05,4.424687494e-05,loose_25,25
2.602073699e-01,2.392639503e-01,7.137345700e-05,5.261841091e-05,4.736931458e-05,1.419631094e-05,2.326504658e-05,5.430644184e-05,loose_25,25
1.054716018e-01,1.645116871e-01,3.908834432e-05,3.602213230e-05,5.011194243e-05,4.709828204e-05,2.439906301e-05,3.441009929e-05,loose_25,25
7.583815596e-02,1.354417686e-01,2.992098731e-05,3.149977147e-05,5.234716095e-05,5.620160079e-05,3.574833560e-05,3.738134584e-05,loose_25,25
2.120127853e-01,1.248164531e-01,4.885136467e-05,2.904836604e-05,2.819803548e-05,4.130944451e-05,3.688453866e-05,5.676824009e-05,loose_25,25
1.907355708e-01,1.122427473e-01,4.398590636e-05,2.252987813e-05,3.167183188e-05,4.371918133e-05,3.778838768e-05,5.381725726e-05,loose_25,25
1.937486460e-01,9.083493967e-02,4.239174108e-05,2.095018222e-05,2.940855013e-05,4.555377773e-05,4.435657612e-05,5.872037593e-05,loose_25,25
9.706366114e-02,1.022819690e-01,3.085839870e-05,2.412683540e-05,4.589036720e-05,5.790253066e-05,4.273415759e-05,4.053523830e-05,loose_25,25
1.337153373e-01,8.616731440e-02,3.166716873e-05,1.667355387e-05,3.507350622e-05,5.555736879e-05,4.263479282e-05,5.282542820e-05,loose_25,25
2.603917141e-02,1.240159760e-01,2.497818925e-05,3.590852744e-05,5.995894431e-05,6.610492298e-05,3.984986479e-05,3.614259612e-05,loose_25,25
1.018773071e-01,1.446377662e-01,3.223690942e-05,3.133591936e-05,5.017328586e-05,5.147299993e-05,3.345481246e-05,3.877394974e-05,loose_25,25
1.841605548e-01,2.040624070e-01,5.363380185e-05,4.055605746e-05,4.411285512e-05,2.967536228e-05,2.120062759e-05,3.970047976e-05,loose_25,25
1.506935233e-01,2.192609427e-01,5.281587716e-05,4.216825526e-05,5.144170475e-05,3.255425217e-05,1.661249451e-05,3.294585204e-05,loose_25,25
1.634409844e-01,1.983122681e-01,5.036799561e-05,3.797725552e-05,4.947127724e-05,3.274988134e-05,2.198665833e-05,3.871740102e-05,loose_25,25
1.460441617e-01,1.077852133e-01,3.837493011e-05,2.170131447e-05,3.799240289e-05,4.680080979e-05,3.670385556e-05,4.825504853e-05,loose_25,25
9.546818540e-02,1.515400134e-01,3.557356490e-05,3.270113074e-05,5.152871806e-05,5.090188898e-05,3.464481746e-05,3.572590146e-05,loose_25,25
1.660729218e-01,2.071434591e-01,5.503205545e-05,4.036443085e-05,5.212275006e-05,3.246856822e-05,1.740832611e-05,3.968070949e-05,loose_25,25
7.143056029e-02,2.223193699e-01,4.679511669e-05,4.719878346e-05,6.447426195e-05,4.762180344e-05,2.322128868e-05,1.845819259e-05,loose_25,25
1.489171065e-01,2.029335508e-01,5.039800327e-05,4.144309356e-05,5.158646314e-05,3.148199256e-05,1.688347636e-05,3.701249377e-05,loose_25,25
1.808596667e-01,1.994846377e-01,5.372006510e-05,4.129878082e-05,5.053698646e-05,2.930449947e-05,1.963377993e-05,4.139529714e-05,loose_25,25
2.566849966e-01,7.265582606e-02,5.335962828e-05,2.814297664e-05,1.659680903e-05,4.796800333e-05,5.250086557e-05,6.827203814e-05,loose_25,25
9.153965666e-02,5.605016902e-02,2.404549805e-05,1.811328986e-05,4.197600814e-05,6.318007707e-05,4.978000934e-05,4.990514108e-05,loose_25,25
1.214494213e-01,1.954149057e-01,4.253664514e-05,3.799597212e-05,5.358214965e-05,4.192607865e-05,2.294229844e-05,3.280952824e-05,loose_25,25
2.104309804e-01,1.260820318e-01,4.606004018e-05,3.048862815e-05,3.159021007e-05,3.703944639e-05,3.717899243e-05,5.097871265e-05,loose_25,25
2.420359378e-01,1.037760752e-01,5.185435006e-05,2.694526383e-05,2.298327862e-05,4.307928068e-05,4.318973915e-05,6.328959475e-05,loose_25,25
1.764877339e-01,1.577266512e-01,4.736125390e-05,3.355436695e-05,3.851783749e-05,3.746524598e-05,3.098937984e-05,4.310040144e-05,loose_25,25
1.342906503e-01,1.940976174e-01,4.824018342e-05,3.904843999e-05,5.450728760e-05,3.976693226e-05,2.105724967e-05,3.428503646e-05,loose_25,25
1.730552557e-01,1.665137470e-01,4.874084960e-05,3.300222969e-05,4.236713044e-05,4.033079114e-05,2.442141915e-05,4.353243582e-05,loose_25,25
1.609405491e-01,2.023616863e-01,5.113518204e-05,3.781989816e-05,4.800871315e-05,3.625746238e-05,1.844501102e-05,3.940273382e-05,loose_25,25
8.632780207e-02,1.826243208e-01,4.192863086e-05,3.842380696e-05,5.759042353e-05,4.829786203e-05,2.753349002e-05,2.887273754e-05,loose_25,25
1.510031212e-01,1.836645356e-01,4.909930629e-05,3.439438013e-05,4.713648588e-05,3.691705279e-05,2.386122148e-05,3.708273891e-05,loose_25,25
1.187627304e-01,1.995809265e-01,4.672482509e-05,4.185308406e-05,5.353894714e-05,4.095124726e-05,1.868248880e-05,3.034545012e-05,loose_25,25
1.033277020e-01,2.737933816e-01,5.997241699e-05,5.782376924e-05,6.826530741e-05,4.044697415e-05,9.618793776e-06,2.322917486e-05,loose_25,25
1.443156290e-01,1.691021414e-01,4.487132726e-05,3.264416443e-05,4.403310551e-05,4.052231756e-05,2.533166301e-05,3.977173950e-05,loose_25,25
1.615825845e-01,1.473543066e-01,4.289436119e-05,3.001472056e-05,4.096292284e-05,4.061882563e-05,3.006869551e-05,4.387811330e-05,loose_25,25
1.904346120e-01,1.923565257e-01,5.518224942e-05,3.822399270e-05,4.714385247e-05,3.291994622e-05,2.093358635e-05,4.339574020e-05,loose_25,25
2.677598418e-01,1.786157256e-01,6.453948889e-05,4.184556932e-05,3.699968259e-05,2.494725987e-05,3.288141261e-05,5.644701492e-05,loose_25,25
2.475279795e-01,1.786591356e-01,6.105581795e-05,4.187085332e-05,3.667673428e-05,2.988944289e-05,3.004247389e-05,5.571662319e-05,loose_25,25
1.835443786e-01,1.215281110e-01,4.623561379e-05,2.515671787e-05,3.290296846e-05,4.275729492e-05,3.747668341e-05,4.856213347e-05,loose_25,25
1.491069181e-01,2.083375813e-01,4.756329399e-05,4.427737115e-05,5.083282138e-05,3.798844129e-05,1.954703583e-05,3.613333540e-05,loose_25,25
1.633205548e-01,7.327457619e-02,3.367446095e-05,1.417175208e-05,3.063546085e-05,5.348338268e-05,4.520456248e-05,5.607782173e-05,loose_25,25
1.144662893e-01,1.403116091e-01,3.443534612e-05,3.044722880e-05,4.595644807e-05,5.040284768e-05,3.213075861e-05,4.287567605e-05,loose_25,25
2.437639044e-01,8.413689808e-02,5.103024206e-05,2.534190340e-05,2.161454233e-05,4.352670342e-05,4.727943014e-05,6.347052143e-05,loose_25,25
8.117323366e-02,1.097453776e-01,2.691874105e-05,2.710209936e-05,4.636106933e-05,5.671314532e-05,3.923941547e-05,4.121551989e-05,loose_25,25
4.384815656e-02,1.935473800e-01,3.742943816e-05,4.347846608e-05,6.550339027e-05,5.616781673e-05,2.834659353e-05,2.572334837e-05,loose_25,25
1.810878183e-01,1.465415122e-01,4.511291125e-05,2.988621397e-05,3.717409048e-05,4.031045634e-05,2.990481463e-05,4.926015278e-05,loose_25,25
1.613191983e-01,1.386202072e-01,4.124787033e-05,2.764306782e-05,3.978170737e-05,4.261660747e-05,3.140303441e-05,4.459221171e-05,loose_25,25
1.105360418e-01,1.579358352e-01,4.224100332e-05,3.130425093e-05,4.764117917e-05,4.543234339e-05,2.774351997e-05,3.633619750e-05,loose_25,25
1.262472430e-01,1.661740193e-01,4.444092675e-05,3.456572908e-05,5.007779879e-05,4.182276952e-05,2.742660389e-05,3.679852022e-05,loose_25,25
1.888665224e-01,1.824388872e-01,5.190075775e-05,3.828197032e-05,4.459296410e-05,3.021436614e-05,2.585843573e-05,4.491615958e-05,loose_25,25
1.511679836e-01,1.790149400e-01,4.631531563e-05,3.669408209e-05,4.800002061e-05,3.570914756e-05,2.181749208e-05,3.767620638e-05,loose_25,25
1.843726500e-01,1.068689294e-01,4.089742916e-05,2.475757278e-05,2.921796287e-05,4.518391017e-05,3.927088794e-05,5.326747425e-05,loose_25,25
1.892506493e-01,9.286197878e-02,3.929899762e-05,2.233731115e-05,3.014957428e-05,4.866482783e-05,4.183490311e-05,5.371779223e-05,loose_25,25
1.522970376e-01,1.469178315e-01,4.214688991e-05,2.882474043e-05,4.227310282e-05,4.252411937e-05,3.113214330e-05,4.338996941e-05,loose_25,25
1.936407813e-01,5.363432890e-02,3.868948506e-05,1.438876360e-05,2.141554766e-05,5.027811264e-05,5.002080036e-05,6.334649057e-05,loose_25,25
1.791664624e-01,1.978456699e-01,5.325569166e-05,3.906139465e-05,4.632890862e-05,3.135955472e-05,1.906689709e-05,4.090744827e-05,loose_25,25
1.517188741e-01,7.195229886e-02,3.118287157e-05,1.442959839e-05,3.351006955e-05,5.415912725e-05,4.371725184e-05,5.235857763e-05,loose_25,25
1.344130281e-01,5.270982476e-02,2.773276359e-05,1.009360887e-05,3.558889438e-05,6.266591880e-05,4.960031942e-05,5.777464193e-05,loose_25,25
1.090142327e-01,1.261207337e-01,3.356393187e-05,2.895275435e-05,4.604012183e-05,4.947068192e-05,3.727205737e-05,4.159217812e-05,loose_25,25
1.589049686e-01,8.701340192e-02,3.678306726e-05,1.803912385e-05,3.359051358e-05,5.051040180e-05,3.931325397e-05,5.205759719e-05,loose_25,25
2.061508983e-01,1.100824567e-01,4.736648614e-05,2.438819100e-05,3.114192320e-05,4.492684584e-05,4.012747607e-05,5.563866271e-05,loose_25,25
1.523228795e-01,2.558424450e-01,5.757012421e-05,5.296102583e-05,6.091997455e-05,3.150250170e-05,1.062815492e-05,2.946785418e-05,loose_25,25
1.267283573e-01,9.662582171e-02,3.315466636e-05,1.662182200e-05,3.537793145e-05,5.428058267e-05,4.071072291e-05,4.638729892e-05,loose_25,25
1.354251505e-01,2.633437499e-01,5.802464407e-05,4.972819940e-05,6.163175203e-05,3.389341978e-05,8.714807946e-06,2.725297083e-05,loose_25,25
2.513927579e-02,1.049021791e-01,2.252376287e-05,3.380950119e-05,5.859276679e-05,6.790754838e-05,4.527178634e-05,4.118479329e-05,loose_25,25
1.362749166e-01,2.268904249e-01,5.291800757e-05,4.555173778e-05,5.333082563e-05,3.702776558e-05,1.469829977e-05,2.997025371e-05,loose_25,25
1.239157951e-01,1.982112074e-01,4.468702066e-05,4.035970050e-05,5.316705320e-05,3.946333461e-05,1.858418971e-05,3.303279004e-05,loose_25,25
2.041604524e-01,1.085971231e-01,4.577495229e-05,2.228112050e-05,3.084108724e-05,4.412843224e-05,3.626710775e-05,5.516271477e-05,loose_25,25
1.126180744e-01,1.891850572e-01,4.458158580e-05,3.853373469e-05,5.162537214e-05,4.147987424e-05,2.480419779e-05,3.197115060e-05,loose_25,25
1.852966886e-01,9.908640599e-02,4.294466844e-05,2.404234764e-05,3.081959142e-05,4.676268137e-05,3.932060976e-05,5.445092352e-05,loose_25,25
9.371539932e-02,1.954315023e-01,4.313643537e-05,4.191131799e-05,5.545823064e-05,4.652301700e-05,2.306752041e-05,2.939313651e-05,loose_25,25
2.017192085e-01,9.938089461e-02,4.727197269e-05,2.266120057e-05,2.694614863e-05,4.375537210e-05,3.935602268e-05,5.609722571e-05,loose_25,25
8.324190977e-02,1.902957615e-01,4.305242280e-05,3.967459132e-05,5.990371357e-05,4.855366173e-05,2.356901909e-05,2.518334660e-05,loose_25,25
1.526043638e-01,2.296290567e-01,5.475759604e-05,4.533690574e-05,5.375904198e-05,3.173271283e-05,1.382306732e-05,3.153669502e-05,loose_25,25
1.491778801e-01,1.638446171e-01,4.544181548e-05,2.957553910e-05,4.523200771e-05,3.903016454e-05,2.613720719e-05,3.959640523e-05,loose_25,25
1.573878925e-01,7.080098489e-02,3.741661593e-05,1.462353957e-05,2.903716294e-05,5.345861445e-05,4.643056712e-05,5.373329352e-05,loose_25,25
2.006337190e-01,1.352544841e-01,5.133397629e-05,3.015251033e-05,3.635978877e-05,3.682244883e-05,3.514900259e-05,5.253640208e-05,loose_25,25
1.920634101e-01,1.703849640e-01,4.950754331e-05,3.273663736e-05,4.124321188e-05,3.421866817e-05,2.773518283e-05,4.564286739e-05,loose_25,25
1.440710158e-01,2.147188958e-01,5.032505769e-05,4.196802227e-05,5.279905018e-05,3.382017517e-05,1.745529232e-05,3.704583093e-05,loose_25,25
1.938902265e-01,1.385344358e-01,4.988667312e-05,2.732796785e-05,3.576379193e-05,3.971012512e-05,3.583154758e-05,4.785709755e-05,loose_25,25
2.216866679e-01,1.224159950e-01,4.906064040e-05,2.692425136e-05,2.694978794e-05,3.704481725e-05,3.670007520e-05,5.711427216e-05,loose_25,25
8.349330020e-02,2.572946772e-01,5.211671772e-05,5.323045932e-05,6.902725757e-05,4.328621018e-05,1.572504622e-05,1.706427027e-05,loose_25,25
1.890111256e-01,2.162596808e-01,5.671405660e-05,4.082342178e-05,4.812956759e-05,2.687026756e-05,2.017529948e-05,4.060606911e-05,loose_25,25
2.045155434e-01,1.446976398e-01,5.073583457e-05,3.184670368e-05,3.436647187e-05,3.844926396e-05,3.481535619e-05,5.157181402e-05,loose_25,25
1.735797485e-01,1.996972120e-01,5.276479705e-05,4.134768504e-05,4.653240403e-05,3.277095459e-05,1.847478407e-05,3.660711889e-05,loose_25,25
1.403894193e-01,1.832560669e-01,4.519426399e-05,3.632492609e-05,4.773285958e-05,3.923220758e-05,2.295923599e-05,3.687281575e-05,loose_25,25
2.188134794e-01,2.182734239e-01,6.080215115e-05,4.205167259e-05,4.761862611e-05,2.378759683e-05,2.340494071e-05,4.956991407e-05,loose_25,25
1.733936036e-01,2.047814316e-01,5.259741524e-05,3.972803350e-05,4.853554325e-05,2.852249123e-05,2.037215329e-05,3.888342051e-05,loose_25,25
1.141338160e-01,9.895449285e-02,2.889233572e-05,2.290012468e-05,4.309091229e-05,5.469496883e-05,4.113683123e-05,4.662641750e-05,loose_25,25
1.828181760e-01,1.810736044e-01,5.488510983e-05,3.263772723e-05,4.312344208e-05,3.638792738e-05,2.434776748e-05,4.515663199e-05,loose_25,25
1.519634551e-01,1.188385528e-01,3.902890172e-05,2.324966926e-05,3.873684873e-05,4.698924045e-05,3.565871600e-05,4.704565954e-05,loose_25,25
8.259658172e-02,1.267340549e-01,3.158486780e-05,2.693870238e-05,4.970094979e-05,5.570234961e-05,3.761528626e-05,3.751776811e-05,loose_25,25
2.743331520e-01,2.136977967e-01,6.881505067e-05,5.065399126e-05,4.639133302e-05,1.882981027e-05,2.989142592e-05,5.410395744e-05,loose_25,25
7.391564185e-02,1.588882087e-01,3.476902353e-05,3.422043419e-05,5.291458603e-05,5.464506812e-05,3.199942398e-05,3.282121600e-05,loose_25,25
1.290182569e-01,1.882386675e-01,4.457153864e-05,3.848681249e-05,5.275143054e-05,3.785736868e-05,2.286065865e-05,3.396896795e-05,loose_25,25
1.595938876e-01,1.809006365e-01,4.426982054e-05,3.707916245e-05,4.785095142e-05,3.429961974e-05,2.287992270e-05,3.830803405e-05,loose_25,25
1.138873659e-01,1.449732636e-01,3.480442721e-05,3.263501446e-05,4.590445342e-05,4.875971485e-05,3.263365312e-05,3.866254566e-05,loose_25,25
1.542113888e-01,1.055209592e-01,3.679180227e-05,2.267513892e-05,3.602855318e-05,4.933729967e-05,3.767675717e-05,4.941135959e-05,loose_50,50
1.643558603e-01,1.662999938e-01,4.715936994e-05,3.319312425e-05,4.267725654e-05,3.948698328e-05,2.367609021e-05,4.258804183e-05,loose_50,50
1.510347009e-01,1.627002497e-01,4.286504880e-05,3.160475533e-05,4.318209310e-05,4.507245302e-05,2.879784050e-05,4.251880435e-05,loose_50,50
1.638940875e-01,1.749509566e-01,4.633286749e-05,3.384167166e-05,4.835362712e-05,3.890798765e-05,2.740990036e-05,4.398581818e-05,loose_50,50
1.680411809e-01,1.403600678e-01,4.106936908e-05,2.923859549e-05,3.962799486e-05,3.826300439e-05,3.204123561e-05,4.635183518e-05,loose_50,50
1.768855489e-01,8.384717009e-02,3.993184998e-05,1.800063744e-05,3.124314568e-05,5.064438892e-05,3.964199947e-05,5.749136730e-05,loose_50,50
1.504822163e-01,1.426463542e-01,4.256009541e-05,2.978824186e-05,3.946752760e-05,4.569528121e-05,3.288281643e-05,4.214187563e-05,loose_50,50
1.558961475e-01,1.777012749e-01,4.774179460e-05,3.582356070e-05,4.375918540e-05,4.020640608e-05,2.116837870e-05,4.116047989e-05,loose_50,50
1.595271872e-01,1.888990491e-01,5.138002216e-05,3.946535789e-05,4.715458884e-05,3.496635587e-05,2.291933714e-05,3.735652352e-05,loose_50,50
1.148418572e-01,1.622007298e-01,3.992380638e-05,3.338266139e-05,4.957714858e-05,4.849142123e-05,2.666781052e-05,3.805737931e-05,loose_50,50
1.662875822e-01,1.851181106e-01,5.055159157e-05,3.873602925e-05,4.195912986e-05,3.711274460e-05,2.088647049e-05,4.484375496e-05,loose_50,50
1.302900320e-01,1.500997891e-01,4.035962530e-05,3.201931357e-05,4.495226268e-05,5.043147721e-05,2.935427255e-05,3.947764772e-05,loose_50,50
1.029371089e-01,1.661486687e-01,3.890729141e-05,3.292805480e-05,5.157973508e-05,4.614449755e-05,2.801022262e-05,2.938604109e-05,loose_50,50
1.317791992e-01,1.303726351e-01,3.601275793e-05,2.271166023e-05,4.213506872e-05,4.676455872e-05,3.283221684e-05,4.186392874e-05,loose_50,50
4.032059637e-02,2.409451914e-01,5.328742342e-05,5.603381068e-05,6.922178386e-05,5.264970445e-05,2.609089045e-05,1.676510812e-05,loose_50,50
1.134325221e-01,1.391769781e-01,3.500552204e-05,2.929345761e-05,4.547311757e-05,4.828271362e-05,3.209344890e-05,4.046653032e-05,loose_50,50
1.289717711e-01,1.479205702e-01,3.791832118e-05,2.645258206e-05,4.487067776e-05,4.399279238e-05,3.266565124e-05,4.037858481e-05,loose_50,50
1.108531209e-01,1.580678302e-01,3.948089489e-05,3.114100672e-05,4.948149084e-05,4.177001142e-05,3.000871722e-05,3.803575158e-05,loose_50,50
1.715042420e-01,1.092336774e-01,4.117099363e-05,2.380980231e-05,3.493978098e-05,4.513188349e-05,3.699979267e-05,5.227407030e-05,loose_50,50
1.740513136e-01,1.645752516e-01,4.509819214e-05,3.270532978e-05,4.360955194e-05,3.772678668e-05,2.577690295e-05,4.654155981e-05,loose_50,50
1.790443079e-01,1.697885620e-01,5.159513664e-05,3.342684382e-05,4.110467823e-05,3.455806251e-05,2.338727898e-05,4.611610237e-05,loose_50,50
1.062467207e-01,1.258603630e-01,3.275349703e-05,2.945147699e-05,4.529641589e-05,5.597256519e-05,3.649188970e-05,4.384191991e-05,loose_50,50
1.347890621e-01,1.202622594e-01,3.390629985e-05,2.214950430e-05,4.174469600e-05,4.885310082e-05,3.536687126e-05,4.565031817e-05,loose_50,50
3.106347259e-02,7.813348343e-02,1.919396566e-05,2.686471139e-05,5.723300905e-05,7.231056217e-05,4.560266396e-05,4.661663022e-05,loose_50,50
1.092157104e-01,1.355232215e-01,3.606204775e-05,2.872818009e-05,4.593552577e-05,5.090190625e-05,3.282014381e-05,3.887279795e-05,loose_50,50
1.438833173e-01,1.539339829e-01,3.961261988e-05,3.159200196e-05,4.542965910e-05,4.441153301e-05,2.743673845e-05,3.980326832e-05,loose_50,50
1.974892966e-01,1.469592207e-01,5.278810810e-05,3.188103069e-05,3.779516200e-05,3.739863753e-05,3.519926521e-05,5.338292688e-05,loose_50,50
1.650534336e-01,1.269478997e-01,4.296295710e-05,2.738993595e-05,3.963811353e-05,4.662725152e-05,3.133556267e-05,4.826113100e-05,loose_50,50
1.807614604e-01,1.110596701e-01,4.241023628e-05,2.344538300e-05,3.614625957e-05,4.479578076e-05,3.540291748e-05,5.390628256e-05,loose_50,50
1.639309903e-01,1.037586640e-01,4.198210249e-05,2.191670746e-05,3.249033868e-05,4.875224031e-05,4.156697701e-05,5.138808290e-05,loose_50,50
4.672740100e-02,1.435058354e-01,3.050294569e-05,3.484209873e-05,5.824838872e-05,6.027674465e-05,4.021320804e-05,3.149124493e-05,loose_50,50
1.305868283e-01,1.043143182e-01,3.337100646e-05,2.134646937e-05,3.981315717e-05,5.118971494e-05,3.783928903e-05,4.707334441e-05,loose_50,50
1.605015665e-01,1.521506335e-01,4.291086736e-05,3.071759165e-05,4.108805237e-05,4.146423778e-05,2.838019920e-05,4.651608868e-05,loose_50,50
1.400779244e-01,1.841366294e-01,4.743599202e-05,3.731094782e-05,4.747907907e-05,4.396529938e-05,2.448995839e-05,3.746767782e-05,loose_50,50
1.894794963e-01,1.404430664e-01,4.812384699e-05,3.072238966e-05,3.277186783e-05,3.827837498e-05,2.821952589e-05,4.611931628e-05,loose_50,50
1.889360873e-01,1.695533592e-01,5.080147338e-05,3.590360137e-05,4.072350603e-05,3.510349970e-05,2.350432376e-05,4.548820931e-05,loose_50,50
1.046181980e-01,1.579039439e-01,3.630333383e-05,3.294762661e-05,4.870578227e-05,5.083339631e-05,2.927193536e-05,3.885552495e-05,loose_50,50
1.094679638e-01,1.630075399e-01,3.953055777e-05,3.197597612e-05,5.032132989e-05,4.921424324e-05,3.167234146e-05,3.464385861e-05,loose_50,50
1.122090934e-01,1.447123511e-01,3.648418988e-05,3.004842806e-05,4.582798157e-05,4.875932455e-05,3.109252364e-05,3.471621086e-05,loose_50,50
1.462972309e-01,1.028945787e-01,3.310464573e-05,2.053620067e-05,3.479356671e-05,4.522325693e-05,3.962991315e-05,5.287924469e-05,loose_50,50
1.027806831e-01,1.554860354e-01,3.433359408e-05,3.288594536e-05,5.069662322e-05,4.993319906e-05,3.267412380e-05,3.683204022e-05,loose_50,50
1.817467991e-01,1.798537833e-01,5.226905228e-05,4.093988602e-05,4.335121141e-05,2.927688332e-05,2.906772097e-05,4.343382532e-05,loose_50,50
2.723846419e-01,1.630841115e-01,5.829104853e-05,3.973207092e-05,3.423969779e-05,3.087448993e-05,3.557447268e-05,6.022907730e-05,loose_50,50
1.787050684e-01,2.219285933e-01,5.739776763e-05,4.560003871e-05,5.495423873e-05,2.918863057e-05,1.660258273e-05,4.116759914e-05,loose_50,50
1.122611001e-01,1.646784736e-01,3.890436788e-05,3.592640429e-05,5.050050750e-05,4.828446878e-05,3.174118508e-05,3.408105565e-05,loose_50,50
1.488316603e-01,1.238043404e-01,4.133515941e-05,2.495797444e-05,4.004925340e-05,4.462713670e-05,3.219550809e-05,4.842493080e-05,loose_50,50
2.604902429e-01,2.675014854e-01,7.368895296e-05,6.256010558e-05,5.192558207e-05,7.126650325e-06,2.508926488e-05,5.358632200e-05,loose_50,50
1.167704726e-01,1.517109384e-01,3.960815859e-05,3.030541547e-05,4.500318315e-05,4.766499422e-05,2.835668879e-05,3.823853023e-05,loose_50,50
1.799856974e-01,1.354199444e-01,4.425432993e-05,2.838818809e-05,3.935515691e-05,4.067099511e-05,3.366282079e-05,4.906866628e-05,loose_50,50
1.510457260e-01,1.956179690e-01,4.965671889e-05,3.752654132e-05,4.732773537e-05,3.539437518e-05,2.039221572e-05,3.637085899e-05,loose_50,50
1.279284443e-01,1.544522534e-01,4.158411332e-05,3.050121444e-05,4.415673051e-05,4.524382392e-05,2.752632733e-05,4.084683902e-05,loose_50,50
1.304624428e-01,1.844221136e-01,4.425539984e-05,3.758869263e-05,5.002349845e-05,4.657204085e-05,2.147731463e-05,3.312828553e-05,loose_50,50
1.475438122e-01,1.264414161e-01,4.085522924e-05,2.698566217e-05,3.943290633e-05,4.787098665e-05,3.526802130e-05,4.231567501e-05,loose_50,50
1.771058861e-01,1.672022507e-01,4.672526689e-05,3.451521534e-05,3.969658015e-05,3.828640134e-05,2.909825208e-05,4.550155222e-05,loose_50,50
1.420865979e-01,1.809545735e-01,4.660360037e-05,3.874373432e-05,4.742387509e-05,4.123958987e-05,2.360215830e-05,3.833560161e-05,loose_50,50
2.606785339e-01,7.235056295e-02,5.595180474e-05,2.625574337e-05,1.892785178e-05,4.916301237e-05,5.076591310e-05,7.017827314e-05,loose_50,50
1.707084975e-01,1.798749469e-01,5.091700539e-05,3.554827864e-05,4.269209347e-05,3.491649728e-05,2.552174128e-05,4.256299296e-05,loose_50,50
1.920283807e-01,1.723356720e-01,5.543695271e-05,4.088526923e-05,3.788571955e-05,2.933060371e-05,2.493765933e-05,4.547749668e-05,loose_50,50
1.536338556e-01,1.707195227e-01,4.440721199e-05,3.494011382e-05,4.685993733e-05,3.867996026e-05,2.734569261e-05,4.173305471e-05,loose_50,50
1.294020695e-01,1.798773884e-01,4.155908880e-05,3.477161525e-05,5.056665863e-05,4.335264382e-05,2.601385107e-05,3.522139564e-05,loose_50,50
1.826665746e-01,1.324891767e-01,4.314245404e-05,2.590285356e-05,3.415416845e-05,3.896370403e-05,3.934050971e-05,4.859469597e-05,loose_50,50
1.563292826e-01,1.475434396e-01,4.431293610e-05,2.765046681e-05,3.802320855e-05,4.154441733e-05,2.976536861e-05,4.304856442e-05,loose_50,50
1.140907139e-01,1.232156054e-01,3.458082847e-05,2.754145556e-05,4.311763531e-05,4.992532324e-05,3.516274936e-05,4.612187500e-05,loose_50,50
1.547222480e-01,1.522895507e-01,4.362390128e-05,2.974379496e-05,4.198464415e-05,4.444027554e-05,3.109511459e-05,3.931198367e-05,loose_50,50
1.341864134e-01,1.874424444e-01,4.385860347e-05,3.787638864e-05,5.238284384e-05,4.158050523e-05,2.437080418e-05,3.602824839e-05,loose_50,50
1.556295788e-01,1.397216093e-01,4.336324279e-05,2.783997767e-05,3.810889504e-05,4.444562685e-05,3.100527093e-05,4.132274974e-05,loose_50,50
1.361462778e-01,1.157030397e-01,3.328460917e-05,2.476888022e-05,3.994840566e-05,5.056395357e-05,3.615705933e-05,4.560980462e-05,loose_50,50
1.484828576e-01,1.725244278e-01,4.784232654e-05,3.281273149e-05,4.727288621e-05,3.952725193e-05,2.657918167e-05,3.827207590e-05,loose_50,50
1.816029424e-01,1.658675189e-01,5.490498256e-05,3.161912625e-05,3.599523614e-05,3.617744661e-05,2.590586812e-05,4.098352629e-05,loose_50,50
1.773983615e-01,1.500978033e-01,4.720849986e-05,3.096417802e-05,4.082864162e-05,3.636040947e-05,2.965603083e-05,4.722841307e-05,loose_50,50
1.401901243e-01,1.282414199e-01,3.916575982e-05,2.692513412e-05,3.861561039e-05,4.254841448e-05,3.458688437e-05,4.358145330e-05,loose_50,50
1.137776921e-01,1.332781547e-01,3.406192218e-05,2.828760768e-05,4.646434666e-05,5.029012992e-05,3.611414534e-05,3.617065315e-05,loose_50,50
6.593341515e-02,2.343480411e-01,4.506888208e-05,4.817514643e-05,6.673720994e-05,4.926787185e-05,2.012375418e-05,2.028816081e-05,loose_50,50
1.536158644e-01,1.266164654e-01,3.860891202e-05,2.668858672e-05,4.087836780e-05,4.780141807e-05,3.099947795e-05,4.919913230e-05,loose_50,50
1.368191051e-01,1.476006532e-01,3.806612642e-05,2.814988185e-05,4.510819253e-05,4.779849560e-05,2.676046250e-05,4.394121958e-05,loose_50,50
1.306486459e-01,1.507899612e-01,3.700921431e-05,2.936224284e-05,4.059627063e-05,4.828133803e-05,2.757310673e-05,4.038286181e-05,loose_50,50
1.536166333e-01,1.202328084e-01,4.245958794e-05,2.216953109e-05,3.631659637e-05,4.436960098e-05,3.333437825e-05,4.738453140e-05,loose_50,50
1.185688973e-01,1.643236886e-01,4.107268299e-05,3.606285397e-05,4.923333814e-05,4.460564826e-05,2.754466560e-05,3.869331915e-05,loose_50,50
1.278846730e-01,1.316259747e-01,3.746353668e-05,2.796102589e-05,4.294551437e-05,4.911604136e-05,3.158627955e-05,4.565155092e-05,loose_50,50
1.372745407e-01,1.375048973e-01,3.824164972e-05,2.882848353e-05,4.356375201e-05,5.105695384e-05,3.119301502e-05,4.481074229e-05,loose_50,50
1.738613532e-01,1.847729664e-01,5.039627957e-05,3.975588459e-05,4.632334500e-05,3.712932335e-05,2.198617202e-05,3.983264816e-05,loose_50,50
2.307351261e-01,2.050435134e-01,6.366451772e-05,4.969842091e-05,4.450221977e-05,2.574569297e-05,2.404679599e-05,5.030476692e-05,loose_50,50
1.339887673e-01,1.790372697e-01,4.465996493e-05,3.253190441e-05,4.840343690e-05,4.030566628e-05,2.704856716e-05,3.698164819e-05,loose_50,50
1.600742868e-01,1.977637906e-01,5.194725789e-05,3.812729115e-05,4.475924941e-05,3.289276849e-05,2.187016857e-05,3.436814280e-05,loose_50,50
1.339829631e-01,1.067593163e-01,3.387108293e-05,2.035847852e-05,3.856521167e-05,5.253019290e-05,3.881292788e-05,4.796781709e-05,loose_50,50
1.724105687e-01,1.905917820e-01,5.071632907e-05,3.667932529e-05,4.670398670e-05,3.141368670e-05,2.141391999e-05,4.538496619e-05,loose_50,50
1.684723679e-01,1.331223716e-01,4.013009072e-05,2.472441252e-05,3.524694744e-05,4.201908515e-05,3.271291600e-05,4.870605987e-05,loose_50,50
1.334698915e-01,1.304057702e-01,3.336467166e-05,2.569054696e-05,4.356524060e-05,4.730757899e-05,3.473507467e-05,4.610996540e-05,loose_50,50
1.231490343e-01,1.373684175e-01,3.637444619e-05,2.556040361e-05,4.660354632e-05,5.123800236e-05,3.413499160e-05,4.116520019e-05,loose_50,50
1.384416397e-01,1.015210291e-01,3.444816891e-05,2.110546098e-05,3.841529741e-05,5.047458947e-05,3.794781194e-05,4.825190608e-05,loose_50,50
2.313348438e-02,2.183850172e-01,4.134911232e-05,5.061562427e-05,6.439820384e-05,5.285054814e-05,3.024322383e-05,1.772858360e-05,loose_50,50
1.716444608e-01,1.604026501e-01,4.691650806e-05,3.333333648e-05,3.853112282e-05,3.893648586e-05,2.418983346e-05,4.261729744e-05,loose_50,50
1.792519327e-01,1.821645348e-01,5.122117185e-05,3.791510097e-05,4.748233759e-05,3.234527717e-05,2.470582648e-05,4.097534102e-05,loose_50,50
1.408060316e-01,1.742548386e-01,4.049471890e-05,3.610545659e-05,4.611178364e-05,4.065843800e-05,2.674046366e-05,4.028876578e-05,loose_50,50
1.382725445e-01,1.276218830e-01,3.580305591e-05,2.488509834e-05,3.723516724e-05,4.710025562e-05,3.399517982e-05,4.694129622e-05,loose_50,50
2.722524089e-01,2.555345769e-01,7.549231408e-05,6.089687937e-05,5.387782842e-05,9.935154034e-06,2.965060601e-05,5.318971791e-05,loose_50,50
1.291823586e-01,1.299874883e-01,3.742644557e-05,2.679764596e-05,4.295707980e-05,4.978147814e-05,3.249398429e-05,4.464072142e-05,loose_50,50
1.815881149e-01,1.298969049e-01,4.234573489e-05,2.301153356e-05,3.736358942e-05,3.838613992e-05,3.503711889e-05,4.958924170e-05,loose_50,50
1.215661426e-01,1.233930161e-01,3.496031594e-05,2.332058813e-05,4.394261537e-05,4.917699354e-05,3.570460576e-05,4.356008066e-05,loose_50,50
2.616889580e-01,2.464384939e-02,5.461417057e-05,1.939408323e-05,1.002767314e-05,5.696978286e-05,5.922849957e-05,7.689467513e-05,loose_50,50
1.889551299e-01,9.032222064e-02,4.018341598e-05,2.447307318e-05,3.008391483e-05,4.996028906e-05,4.012171687e-05,5.722123165e-05,full_loose,100
1.556316444e-01,1.350813693e-01,3.935315670e-05,2.830714469e-05,4.111050818e-05,4.349448097e-05,2.895334925e-05,4.588444962e-05,full_loose,100
1.298865357e-01,1.657181290e-01,4.446940898e-05,3.556494064e-05,5.016477645e-05,4.867538378e-05,2.977301947e-05,3.898213881e-05,full_loose,100
1.492798463e-01,1.288622461e-01,4.236902261e-05,2.928066200e-05,4.393025139e-05,4.632652395e-05,3.478535756e-05,4.266805761e-05,full_loose,100
1.363096060e-01,1.535116589e-01,4.059365838e-05,2.731515492e-05,4.786981075e-05,4.474475976e-05,3.287346719e-05,4.021439586e-05,full_loose,100
1.627658327e-01,1.436911871e-01,4.771619476e-05,3.111601458e-05,3.693662046e-05,3.887380578e-05,3.123164980e-05,4.639417635e-05,full_loose,100
1.689882314e-01,1.299653934e-01,4.674249338e-05,2.538532982e-05,3.419743751e-05,4.418606952e-05,3.000281802e-05,5.042231078e-05,full_loose,100
1.664288801e-01,1.368353304e-01,4.382194991e-05,2.001532502e-05,3.801671869e-05,4.177087341e-05,3.569632648e-05,4.419669817e-05,full_loose,100
1.646129301e-01,1.474017672e-01,4.172694748e-05,2.324035844e-05,3.867493365e-05,3.897522166e-05,2.954814998e-05,4.385712896e-05,full_loose,100
1.240121439e-01,1.352849887e-01,4.143091983e-05,2.449734173e-05,4.098040412e-05,4.587960516e-05,3.437651478e-05,3.312447633e-05,full_loose,100
1.765171921e-01,1.488494636e-01,4.599680586e-05,3.183227037e-05,3.735523829e-05,4.705090900e-05,2.874940963e-05,4.461348143e-05,full_loose,100
1.364144073e-01,1.615495569e-01,4.266662624e-05,3.276535753e-05,4.455841657e-05,4.207156603e-05,3.275598442e-05,3.729958167e-05,full_loose,100
1.631571781e-01,1.368181384e-01,4.156731776e-05,2.804296323e-05,3.668596111e-05,3.822213137e-05,3.011259089e-05,4.309255618e-05,full_loose,100
1.447924903e-01,1.515887906e-01,3.925629022e-05,3.618847259e-05,4.244319850e-05,4.085426257e-05,2.868821930e-05,4.196525928e-05,full_loose,100
1.277275506e-01,1.669308554e-01,3.763227275e-05,2.987475750e-05,5.151189152e-05,4.338157748e-05,2.730638529e-05,3.672212138e-05,full_loose,100
1.475724009e-01,1.607613191e-01,4.554345127e-05,3.207362937e-05,4.490499329e-05,4.292999177e-05,2.457542135e-05,3.380068941e-05,full_loose,100
1.358509106e-01,1.718742948e-01,4.146588663e-05,3.540444742e-05,5.494886673e-05,4.331105565e-05,2.677247639e-05,3.799443750e-05,full_loose,100
1.301787654e-01,1.646604462e-01,5.115933855e-05,3.096101265e-05,4.782000763e-05,4.546072970e-05,3.219239510e-05,3.477208063e-05,full_loose,100
1.380534508e-01,1.565517612e-01,3.848729839e-05,3.148636490e-05,4.417872663e-05,4.133392126e-05,2.731758172e-05,4.127472753e-05,full_loose,100
1.616840213e-01,1.242674476e-01,3.701222276e-05,2.016325668e-05,3.720041203e-05,4.574860157e-05,3.640953744e-05,4.391369781e-05,full_loose,100
1.500531231e-01,1.756500305e-01,4.773382423e-05,3.935972636e-05,4.695908477e-05,3.633179122e-05,1.662169001e-05,3.906634816e-05,full_loose,100
1.441958686e-01,1.720017617e-01,4.947760719e-05,3.237508891e-05,4.772107545e-05,3.846896531e-05,2.550916562e-05,3.771266635e-05,full_loose,100
1.559785462e-01,1.504569513e-01,4.353732723e-05,3.620933769e-05,4.788561302e-05,3.877050614e-05,2.899337483e-05,4.412616824e-05,full_loose,100
1.583274796e-01,1.272368371e-01,4.234026896e-05,2.540438844e-05,3.554832185e-05,4.111960198e-05,3.213725636e-05,4.724186381e-05,full_loose,100
1.235851652e-01,1.546709582e-01,3.406551835e-05,3.446622487e-05,4.950060745e-05,4.890596321e-05,3.278637158e-05,3.738883801e-05,full_loose,100
1.317365006e-01,1.668703645e-01,4.048815405e-05,3.341345820e-05,4.801874685e-05,4.497788705e-05,2.589657751e-05,3.284942938e-05,full_loose,100
1.644542220e-01,1.274424968e-01,3.839010383e-05,2.555968034e-05,3.249651619e-05,4.681564290e-05,3.409993185e-05,4.324280659e-05,full_loose,100
1.509333693e-01,1.573690217e-01,3.792490302e-05,2.972226993e-05,4.566454467e-05,4.138024954e-05,2.739522782e-05,3.978120710e-05,full_loose,100
1.464435883e-01,1.226628515e-01,3.855664692e-05,2.490025116e-05,4.310973864e-05,4.924653368e-05,2.972411358e-05,4.597263367e-05,full_loose,100
1.299437485e-01,1.462229881e-01,3.239518773e-05,3.047240761e-05,4.228392349e-05,4.057090169e-05,2.761992217e-05,3.844074866e-05,full_loose,100
1.545576380e-01,1.552798500e-01,3.985116891e-05,2.871656878e-05,4.252449097e-05,4.362456563e-05,3.184166016e-05,4.422276569e-05,full_loose,100
1.537840188e-01,1.380349987e-01,3.971791671e-05,2.724223786e-05,3.503974209e-05,4.417160459e-05,2.607198778e-05,4.383097773e-05,full_loose,100
1.267502048e-01,1.451485588e-01,3.604636488e-05,2.756947014e-05,4.142694141e-05,4.835474501e-05,2.901847518e-05,3.712724724e-05,full_loose,100
1.229145310e-01,1.548358479e-01,4.072762291e-05,3.833639823e-05,5.019019512e-05,4.693609348e-05,2.833472118e-05,3.720811534e-05,full_loose,100
1.736661218e-01,1.420872721e-01,4.579377914e-05,2.853974950e-05,3.662655313e-05,3.748468892e-05,3.716612195e-05,4.762280354e-05,full_loose,100
1.464455805e-01,1.754967604e-01,4.839591076e-05,3.974224673e-05,4.331180401e-05,3.504321312e-05,2.721660460e-05,3.941804877e-05,full_loose,100
1.732337505e-01,1.314831277e-01,4.575324076e-05,2.611715520e-05,3.721644969e-05,4.003853051e-05,3.235068318e-05,5.397057721e-05,full_loose,100
1.332787364e-01,1.605613968e-01,4.515644547e-05,3.306381206e-05,4.472571762e-05,4.516386907e-05,3.200106482e-05,3.657116495e-05,full_loose,100
1.219713982e-01,1.494401587e-01,3.857371240e-05,2.644509295e-05,4.507475654e-05,4.870178671e-05,2.840776420e-05,3.853277693e-05,full_loose,100
1.567364152e-01,1.438016851e-01,4.345225233e-05,2.745065880e-05,4.281520919e-05,3.828596831e-05,3.429600125e-05,4.553409122e-05,full_loose,100
1.502965006e-01,1.671992444e-01,4.649880488e-05,3.407150547e-05,4.139986428e-05,3.708028415e-05,2.248358558e-05,4.004211265e-05,full_loose,100
1.542720530e-01,1.778499462e-01,4.751232283e-05,4.033826095e-05,4.326965776e-05,3.586042320e-05,2.766472069e-05,3.785319707e-05,full_loose,100
1.757871037e-01,1.504386887e-01,4.508277494e-05,3.119250974e-05,3.948051399e-05,3.781120683e-05,2.913522194e-05,4.151268413e-05,full_loose,100
1.656485554e-01,1.344959949e-01,4.167754395e-05,3.123181833e-05,4.092900437e-05,3.854805273e-05,3.016291762e-05,4.529954502e-05,full_loose,100
1.367277741e-01,1.424094766e-01,3.703147009e-05,3.052750921e-05,4.704496845e-05,4.111780347e-05,3.097825462e-05,3.850622542e-05,full_loose,100
1.586034041e-01,1.540560128e-01,4.548624570e-05,3.574141570e-05,3.982646111e-05,3.817567753e-05,3.007150310e-05,3.792687883e-05,full_loose,100
1.414255344e-01,1.288298137e-01,3.797932020e-05,2.564584170e-05,4.367432959e-05,4.692570648e-05,3.279271731e-05,4.202035675e-05,full_loose,100
1.360710445e-01,1.490231209e-01,3.837046869e-05,3.710520093e-05,4.195585361e-05,4.103028020e-05,3.198547101e-05,3.750812689e-05,full_loose,100
1.426708100e-01,1.237311502e-01,3.578328411e-05,2.333341773e-05,4.550955186e-05,4.690644917e-05,3.353524963e-05,4.710581584e-05,full_loose,100
1.302783002e-01,1.654803183e-01,3.849061349e-05,3.103088975e-05,4.400720563e-05,4.648893592e-05,2.905265277e-05,3.925616873e-05,full_loose,100
1.550664009e-01,1.380698921e-01,4.446188196e-05,2.400240450e-05,4.401994317e-05,3.955825842e-05,3.372853543e-05,4.212894578e-05,full_loose,100
1.494274698e-01,1.677747567e-01,4.516999937e-05,4.054822073e-05,4.311732725e-05,3.945838812e-05,2.626252740e-05,3.912524535e-05,full_loose,100
1.357638649e-01,1.682862291e-01,4.065605943e-05,3.623580410e-05,5.306899110e-05,4.517986390e-05,2.517203014e-05,3.225665817e-05,full_loose,100
1.749420183e-01,1.485680071e-01,4.832865514e-05,2.912706330e-05,4.061309273e-05,3.802427182e-05,3.114908621e-05,4.479283054e-05,full_loose,100
1.567064554e-01,1.552659552e-01,4.243868530e-05,3.482921305e-05,3.920857440e-05,3.901275268e-05,3.062862883e-05,4.386068060e-05,full_loose,100
1.622579247e-01,1.676744634e-01,4.244627137e-05,3.568746200e-05,4.183264170e-05,4.169149629e-05,3.276381302e-05,4.434971391e-05,full_loose,100
1.493025768e-01,1.397644682e-01,4.396616852e-05,3.385162407e-05,4.345014646e-05,4.307463824e-05,3.486567117e-05,4.166345461e-05,full_loose,100
1.584053178e-01,1.683151412e-01,4.461520856e-05,2.906147806e-05,4.714840530e-05,4.198645034e-05,2.931853741e-05,4.435417949e-05,full_loose,100
1.280397242e-01,1.308148249e-01,3.538296779e-05,2.573297705e-05,4.300028424e-05,4.953374474e-05,4.338642589e-05,3.788771866e-05,full_loose,100
1.452683934e-01,1.482464396e-01,4.163494234e-05,2.827682188e-05,4.299135552e-05,4.231706013e-05,3.191333685e-05,3.827237535e-05,full_loose,100
1.266290574e-01,1.685311013e-01,4.558824694e-05,2.810772396e-05,5.063215406e-05,4.495530077e-05,2.815993905e-05,3.863596548e-05,full_loose,100
1.386434845e-01,1.289040148e-01,3.792210380e-05,2.906164271e-05,4.170019894e-05,4.799740333e-05,3.640653842e-05,4.905691120e-05,full_loose,100
1.276434560e-01,1.482703155e-01,3.553163447e-05,2.917807609e-05,4.159073555e-05,4.898809910e-05,2.764668172e-05,4.113619037e-05,full_loose,100
1.509399375e-01,1.562916084e-01,4.508732412e-05,3.347778056e-05,4.075643373e-05,3.976559200e-05,2.741058819e-05,4.156108726e-05,full_loose,100
1.363672933e-01,1.733541006e-01,4.265747029e-05,4.185717939e-05,4.838231732e-05,4.150711565e-05,2.395699771e-05,3.063553016e-05,full_loose,100
1.367620983e-01,1.452300888e-01,4.556146619e-05,2.810670218e-05,4.734468119e-05,4.480449073e-05,3.300984531e-05,3.524009010e-05,full_loose,100
1.578186629e-01,1.406167084e-01,4.227182932e-05,2.690332302e-05,4.484224251e-05,4.482945100e-05,3.139246661e-05,4.524790495e-05,full_loose,100
1.435441900e-01,1.419102378e-01,3.366490717e-05,2.876739379e-05,4.458403112e-05,4.140852401e-05,3.205897491e-05,4.163286406e-05,full_loose,100
1.553490355e-01,1.258625053e-01,4.105943945e-05,2.815696575e-05,3.921041686e-05,4.832687116e-05,3.810628973e-05,4.335462314e-05,full_loose,100
1.339419728e-01,8.379262888e-02,3.743231027e-05,1.536334813e-05,3.944669598e-05,5.592270435e-05,4.595002766e-05,5.106351407e-05,full_loose,100
1.534853964e-01,1.425516795e-01,4.662227041e-05,2.662597164e-05,3.888373472e-05,3.906387470e-05,3.101221569e-05,4.432163340e-05,full_loose,100
1.379335732e-01,1.499254563e-01,4.623758673e-05,3.325361635e-05,4.369601757e-05,4.780075269e-05,2.810178471e-05,4.359991992e-05,full_loose,100
1.310699817e-01,1.565110158e-01,3.776964946e-05,3.266624854e-05,4.358541896e-05,5.103124931e-05,3.235228110e-05,3.927800912e-05,full_loose,100
1.490717169e-01,1.339324425e-01,4.281651504e-05,2.065294709e-05,3.661080169e-05,4.788658046e-05,3.553570393e-05,4.831737348e-05,full_loose,100
1.594343249e-01,1.271410803e-01,3.861840470e-05,2.182195064e-05,3.890767188e-05,4.884053919e-05,2.980446602e-05,4.705567782e-05,full_loose,100
1.349709103e-01,1.423636074e-01,3.990782370e-05,3.313464908e-05,4.414644571e-05,4.589987943e-05,3.073078024e-05,4.115887612e-05,full_loose,100
1.498186649e-01,1.433701466e-01,3.765432985e-05,2.987983709e-05,4.358857958e-05,3.841472228e-05,3.182253807e-05,4.654200499e-05,full_loose,100
1.642135000e-01,1.750790296e-01,4.607444047e-05,3.284441856e-05,4.595115088e-05,3.136924969e-05,2.748188430e-05,3.833031557e-05,full_loose,100
1.438288347e-01,1.695091759e-01,4.243252143e-05,3.341306556e-05,4.682469781e-05,4.146772175e-05,2.885763765e-05,4.728383097e-05,full_loose,100
1.752793611e-01,1.551770538e-01,4.951564981e-05,3.148424159e-05,4.148701002e-05,3.644914618e-05,3.025425656e-05,4.659951878e-05,full_loose,100
1.282912014e-01,1.511454149e-01,4.205241276e-05,3.274649175e-05,4.562294981e-05,4.270584718e-05,3.184159271e-05,4.044455888e-05,full_loose,100
1.206152482e-01,1.559111754e-01,4.025447862e-05,2.765642993e-05,4.877273935e-05,4.582935596e-05,2.960332880e-05,3.915700022e-05,full_loose,100
1.646458514e-01,1.307844816e-01,3.800243333e-05,2.379754892e-05,3.546480053e-05,4.518479330e-05,3.194807410e-05,5.285095964e-05,full_loose,100
2.246046953e-01,1.325795359e-01,5.122813472e-05,3.124464181e-05,3.161274728e-05,3.236450708e-05,3.587434227e-05,5.840497299e-05,full_loose,100
1.611062819e-01,1.703204985e-01,4.465058582e-05,3.383694112e-05,4.596001941e-05,3.665770270e-05,2.608781881e-05,3.654762074e-05,full_loose,100
1.166449276e-01,3.187219421e-02,2.679321705e-05,1.094248954e-05,3.521187422e-05,6.949471124e-05,5.393486716e-05,6.269068453e-05,full_loose,100
1.248372763e-01,1.390235494e-01,4.090400350e-05,2.456795314e-05,4.488111627e-05,4.435370922e-05,2.692952397e-05,3.971930982e-05,full_loose,100
1.555829894e-01,1.330269915e-01,4.410923348e-05,2.770020518e-05,3.739874985e-05,4.676186379e-05,3.222081404e-05,4.596620300e-05,full_loose,100
1.602508019e-01,1.351868416e-01,3.966561964e-05,3.038973645e-05,3.730766059e-05,4.176303370e-05,3.319494349e-05,4.213775186e-05,full_loose,100
1.365851710e-01,1.274528680e-01,2.914434617e-05,2.709183578e-05,3.807331920e-05,4.916712738e-05,3.376945408e-05,4.559134135e-05,full_loose,100
1.977996179e-01,1.872235613e-01,4.917015276e-05,3.906314502e-05,4.645764827e-05,3.373106478e-05,2.375714368e-05,4.358408701e-05,full_loose,100
1.638331482e-01,1.736837642e-01,5.201730512e-05,3.455910280e-05,4.733658949e-05,3.937069064e-05,2.687825940e-05,4.167542493e-05,full_loose,100
1.506219425e-01,1.746241944e-01,4.491806465e-05,3.242050693e-05,4.757202885e-05,4.173152818e-05,2.183859809e-05,3.834263236e-05,full_loose,100
1.582296198e-01,1.598843649e-01,4.273654594e-05,3.180320895e-05,4.865385536e-05,3.641060885e-05,2.318729501e-05,4.804512418e-05,full_loose,100
1.420948821e-01,1.516488141e-01,4.649157955e-05,3.415006006e-05,4.321873985e-05,4.667323067e-05,2.866782157e-05,4.703158582e-05,full_loose,100
1.506789322e-01,1.596192319e-01,4.769647746e-05,3.156704965e-05,5.281031006e-05,3.843145168e-05,3.036882518e-05,4.132735356e-05,full_loose,100
1.269997714e-01,1.682006584e-01,4.222564311e-05,3.128377463e-05,4.757527767e-05,4.427581855e-05,3.182089296e-05,3.679794815e-05,full_loose,100
1.727438629e-01,1.323955858e-01,4.264864705e-05,2.539024550e-05,3.749307143e-05,4.286291461e-05,3.617449312e-05,4.701767348e-05,full_loose,100
1.433808447e-01,1.245138738e-01,3.758357072e-05,2.554048825e-05,3.882329509e-05,4.849787623e-05,3.071739185e-05,4.864061682e-05,full_loose,100
1.789104245e-01,1.476231554e-01,4.707180464e-05,2.896494200e-05,3.930350903e-05,3.993715320e-05,3.032193463e-05,4.601436495e-05,full_loose,100
